Plot,X,Y
Metadata,518,Gallery
Metadata,698,Probe
Metadata,698,Genuine
Metadata,360866,Impostor
Metadata,0,Ignored
DET,2.77111e-05,0.617478
FAR,1.15413,2.77111e-05
FRR,1.15413,0.617478
DET,3.04822e-05,0.613181
FAR,1.14961,3.04822e-05
FRR,1.14961,0.613181
DET,3.60245e-05,0.611748
FAR,1.14623,3.60245e-05
FRR,1.14623,0.611748
DET,3.87956e-05,0.60745
FAR,1.14058,3.87956e-05
FRR,1.14058,0.60745
DET,4.15667e-05,0.597421
FAR,1.12815,4.15667e-05
FRR,1.12815,0.597421
DET,4.71089e-05,0.594556
FAR,1.12702,4.71089e-05
FRR,1.12702,0.594556
DET,4.988e-05,0.593123
FAR,1.12589,4.988e-05
FRR,1.12589,0.593123
DET,5.81933e-05,0.591691
FAR,1.11573,5.81933e-05
FRR,1.11573,0.591691
DET,6.09645e-05,0.590258
FAR,1.11347,6.09645e-05
FRR,1.11347,0.590258
DET,6.37356e-05,0.587393
FAR,1.10895,6.37356e-05
FRR,1.10895,0.587393
DET,6.65067e-05,0.58596
FAR,1.10443,6.65067e-05
FRR,1.10443,0.58596
DET,6.92778e-05,0.578797
FAR,1.09765,6.92778e-05
FRR,1.09765,0.578797
DET,7.20489e-05,0.577364
FAR,1.09427,7.20489e-05
FRR,1.09427,0.577364
DET,7.482e-05,0.574499
FAR,1.09201,7.482e-05
FRR,1.09201,0.574499
DET,7.75911e-05,0.573066
FAR,1.08862,7.75911e-05
FRR,1.08862,0.573066
DET,8.03622e-05,0.568768
FAR,1.08523,8.03622e-05
FRR,1.08523,0.568768
DET,8.31334e-05,0.565903
FAR,1.08184,8.31334e-05
FRR,1.08184,0.565903
DET,8.86756e-05,0.563037
FAR,1.07958,8.86756e-05
FRR,1.07958,0.563037
DET,9.976e-05,0.561605
FAR,1.06829,9.976e-05
FRR,1.06829,0.561605
DET,0.000102531,0.560172
FAR,1.0649,0.000102531
FRR,1.0649,0.560172
DET,0.000105302,0.558739
FAR,1.06151,0.000105302
FRR,1.06151,0.558739
DET,0.000108073,0.557307
FAR,1.05586,0.000108073
FRR,1.05586,0.557307
DET,0.000110844,0.554441
FAR,1.04908,0.000110844
FRR,1.04908,0.554441
DET,0.000113616,0.551576
FAR,1.04795,0.000113616
FRR,1.04795,0.551576
DET,0.0001247,0.550143
FAR,1.04231,0.0001247
FRR,1.04231,0.550143
DET,0.000127471,0.548711
FAR,1.04005,0.000127471
FRR,1.04005,0.548711
DET,0.000141327,0.544413
FAR,1.03666,0.000141327
FRR,1.03666,0.544413
DET,0.000144098,0.540115
FAR,1.03101,0.000144098
FRR,1.03101,0.540115
DET,0.00014964,0.537249
FAR,1.02536,0.00014964
FRR,1.02536,0.537249
DET,0.000160724,0.535817
FAR,1.0231,0.000160724
FRR,1.0231,0.535817
DET,0.000163496,0.534384
FAR,1.02197,0.000163496
FRR,1.02197,0.534384
DET,0.000166267,0.532951
FAR,1.0152,0.000166267
FRR,1.0152,0.532951
DET,0.000169038,0.530086
FAR,1.01294,0.000169038
FRR,1.01294,0.530086
DET,0.000180122,0.528653
FAR,1.01068,0.000180122
FRR,1.01068,0.528653
DET,0.000185664,0.527221
FAR,1.00955,0.000185664
FRR,1.00955,0.527221
DET,0.000193978,0.525788
FAR,1.00729,0.000193978
FRR,1.00729,0.525788
DET,0.00019952,0.524355
FAR,1.00503,0.00019952
FRR,1.00503,0.524355
DET,0.000202291,0.522923
FAR,1.00277,0.000202291
FRR,1.00277,0.522923
DET,0.000205062,0.517192
FAR,1.00051,0.000205062
FRR,1.00051,0.517192
DET,0.000207833,0.514327
FAR,0.997123,0.000207833
FRR,0.997123,0.514327
DET,0.000216147,0.512894
FAR,0.993734,0.000216147
FRR,0.993734,0.512894
DET,0.000230002,0.511461
FAR,0.990346,0.000230002
FRR,0.990346,0.511461
DET,0.000232773,0.510029
FAR,0.989216,0.000232773
FRR,0.989216,0.510029
DET,0.000235544,0.507163
FAR,0.988087,0.000235544
FRR,0.988087,0.507163
DET,0.000238316,0.505731
FAR,0.985827,0.000238316
FRR,0.985827,0.505731
DET,0.000241087,0.504298
FAR,0.983568,0.000241087
FRR,0.983568,0.504298
DET,0.000243858,0.501433
FAR,0.981309,0.000243858
FRR,0.981309,0.501433
DET,0.000260484,0.498567
FAR,0.974532,0.000260484
FRR,0.974532,0.498567
DET,0.000279882,0.497135
FAR,0.966625,0.000279882
FRR,0.966625,0.497135
DET,0.000285424,0.495702
FAR,0.960977,0.000285424
FRR,0.960977,0.495702
DET,0.000288196,0.487106
FAR,0.951941,0.000288196
FRR,0.951941,0.487106
DET,0.000293738,0.484241
FAR,0.949681,0.000293738
FRR,0.949681,0.484241
DET,0.000296509,0.47851
FAR,0.946293,0.000296509
FRR,0.946293,0.47851
DET,0.00029928,0.477077
FAR,0.945163,0.00029928
FRR,0.945163,0.477077
DET,0.000302051,0.475645
FAR,0.941774,0.000302051
FRR,0.941774,0.475645
DET,0.00032422,0.474212
FAR,0.933868,0.00032422
FRR,0.933868,0.474212
DET,0.000335305,0.472779
FAR,0.931608,0.000335305
FRR,0.931608,0.472779
DET,0.000354702,0.471347
FAR,0.929349,0.000354702
FRR,0.929349,0.471347
DET,0.000376871,0.468481
FAR,0.925961,0.000376871
FRR,0.925961,0.468481
DET,0.000385185,0.467049
FAR,0.924831,0.000385185
FRR,0.924831,0.467049
DET,0.000407353,0.465616
FAR,0.921442,0.000407353
FRR,0.921442,0.465616
DET,0.000412896,0.464183
FAR,0.920313,0.000412896
FRR,0.920313,0.464183
DET,0.000415667,0.462751
FAR,0.919183,0.000415667
FRR,0.919183,0.462751
DET,0.000418438,0.459885
FAR,0.916924,0.000418438
FRR,0.916924,0.459885
DET,0.000435065,0.458453
FAR,0.913535,0.000435065
FRR,0.913535,0.458453
DET,0.000443378,0.45702
FAR,0.911276,0.000443378
FRR,0.911276,0.45702
DET,0.000468318,0.455587
FAR,0.905629,0.000468318
FRR,0.905629,0.455587
DET,0.00047386,0.454155
FAR,0.904499,0.00047386
FRR,0.904499,0.454155
DET,0.000487716,0.451289
FAR,0.897722,0.000487716
FRR,0.897722,0.451289
DET,0.000493258,0.448424
FAR,0.896592,0.000493258
FRR,0.896592,0.448424
DET,0.000501571,0.446991
FAR,0.895462,0.000501571
FRR,0.895462,0.446991
DET,0.000520969,0.445559
FAR,0.892074,0.000520969
FRR,0.892074,0.445559
DET,0.000559765,0.444126
FAR,0.883037,0.000559765
FRR,0.883037,0.444126
DET,0.000562536,0.438395
FAR,0.881908,0.000562536
FRR,0.881908,0.438395
DET,0.000565307,0.436963
FAR,0.880778,0.000565307
FRR,0.880778,0.436963
DET,0.000579162,0.434097
FAR,0.878519,0.000579162
FRR,0.878519,0.434097
DET,0.000590247,0.432665
FAR,0.877389,0.000590247
FRR,0.877389,0.432665
DET,0.000604102,0.431232
FAR,0.87513,0.000604102
FRR,0.87513,0.431232
DET,0.000609645,0.429799
FAR,0.874001,0.000609645
FRR,0.874001,0.429799
DET,0.000615187,0.426934
FAR,0.871742,0.000615187
FRR,0.871742,0.426934
DET,0.000626271,0.425501
FAR,0.869482,0.000626271
FRR,0.869482,0.425501
DET,0.000645669,0.424069
FAR,0.864964,0.000645669
FRR,0.864964,0.424069
DET,0.000659525,0.421203
FAR,0.863835,0.000659525
FRR,0.863835,0.421203
DET,0.000665067,0.419771
FAR,0.861576,0.000665067
FRR,0.861576,0.419771
DET,0.000676151,0.418338
FAR,0.859316,0.000676151
FRR,0.859316,0.418338
DET,0.000703862,0.416905
FAR,0.852539,0.000703862
FRR,0.852539,0.416905
DET,0.000717718,0.415473
FAR,0.85028,0.000717718
FRR,0.85028,0.415473
DET,0.000728802,0.41404
FAR,0.84915,0.000728802
FRR,0.84915,0.41404
DET,0.000745429,0.412607
FAR,0.845762,0.000745429
FRR,0.845762,0.412607
DET,0.000806394,0.408309
FAR,0.834466,0.000806394
FRR,0.834466,0.408309
DET,0.000817478,0.406877
FAR,0.833336,0.000817478
FRR,0.833336,0.406877
DET,0.000834105,0.404011
FAR,0.831077,0.000834105
FRR,0.831077,0.404011
DET,0.000850731,0.402579
FAR,0.829948,0.000850731
FRR,0.829948,0.402579
DET,0.000853502,0.401146
FAR,0.828818,0.000853502
FRR,0.828818,0.401146
DET,0.000875671,0.399713
FAR,0.82543,0.000875671
FRR,0.82543,0.399713
DET,0.000900611,0.398281
FAR,0.820911,0.000900611
FRR,0.820911,0.398281
DET,0.000911696,0.396848
FAR,0.819782,0.000911696
FRR,0.819782,0.396848
DET,0.000950491,0.395415
FAR,0.816393,0.000950491
FRR,0.816393,0.395415
DET,0.00097266,0.393983
FAR,0.814134,0.00097266
FRR,0.814134,0.393983
DET,0.000994829,0.39255
FAR,0.811875,0.000994829
FRR,0.811875,0.39255
DET,0.00100314,0.391117
FAR,0.810745,0.00100314
FRR,0.810745,0.391117
DET,0.00103085,0.389685
FAR,0.808486,0.00103085
FRR,0.808486,0.389685
DET,0.00105579,0.386819
FAR,0.806227,0.00105579
FRR,0.806227,0.386819
DET,0.00108073,0.385387
FAR,0.805097,0.00108073
FRR,0.805097,0.385387
DET,0.00110844,0.383954
FAR,0.801709,0.00110844
FRR,0.801709,0.383954
DET,0.00114724,0.382522
FAR,0.79719,0.00114724
FRR,0.79719,0.382522
DET,0.00116387,0.379656
FAR,0.796061,0.00116387
FRR,0.796061,0.379656
DET,0.00117495,0.378223
FAR,0.794931,0.00117495
FRR,0.794931,0.378223
DET,0.00121652,0.375358
FAR,0.791543,0.00121652
FRR,0.791543,0.375358
DET,0.00122483,0.372493
FAR,0.790413,0.00122483
FRR,0.790413,0.372493
DET,0.001247,0.369628
FAR,0.788154,0.001247
FRR,0.788154,0.369628
DET,0.00133568,0.368195
FAR,0.780247,0.00133568
FRR,0.780247,0.368195
DET,0.00135784,0.366762
FAR,0.777988,0.00135784
FRR,0.777988,0.366762
DET,0.00139387,0.36533
FAR,0.774599,0.00139387
FRR,0.774599,0.36533
DET,0.0014105,0.361032
FAR,0.77347,0.0014105
FRR,0.77347,0.361032
DET,0.00143821,0.359599
FAR,0.771211,0.00143821
FRR,0.771211,0.359599
DET,0.001477,0.356734
FAR,0.768951,0.001477
FRR,0.768951,0.356734
DET,0.00156291,0.355301
FAR,0.762174,0.00156291
FRR,0.762174,0.355301
DET,0.00157122,0.351003
FAR,0.761044,0.00157122
FRR,0.761044,0.351003
DET,0.00161556,0.34957
FAR,0.758785,0.00161556
FRR,0.758785,0.34957
DET,0.00167652,0.348138
FAR,0.754267,0.00167652
FRR,0.754267,0.348138
DET,0.00177351,0.345272
FAR,0.748619,0.00177351
FRR,0.748619,0.345272
DET,0.00180399,0.34384
FAR,0.74636,0.00180399
FRR,0.74636,0.34384
DET,0.00181785,0.342407
FAR,0.745231,0.00181785
FRR,0.745231,0.342407
DET,0.0018899,0.339542
FAR,0.741842,0.0018899
FRR,0.741842,0.339542
DET,0.00197026,0.338109
FAR,0.735065,0.00197026
FRR,0.735065,0.338109
DET,0.00207556,0.336676
FAR,0.730546,0.00207556
FRR,0.730546,0.336676
DET,0.00209496,0.335244
FAR,0.729417,0.00209496
FRR,0.729417,0.335244
DET,0.00210882,0.333811
FAR,0.728287,0.00210882
FRR,0.728287,0.333811
DET,0.0021393,0.330946
FAR,0.727158,0.0021393
FRR,0.727158,0.330946
DET,0.00220858,0.329513
FAR,0.722639,0.00220858
FRR,0.722639,0.329513
DET,0.00226677,0.32808
FAR,0.72038,0.00226677
FRR,0.72038,0.32808
DET,0.00231665,0.326648
FAR,0.718121,0.00231665
FRR,0.718121,0.326648
DET,0.00236376,0.325215
FAR,0.715862,0.00236376
FRR,0.715862,0.325215
DET,0.00238039,0.323782
FAR,0.714732,0.00238039
FRR,0.714732,0.323782
DET,0.00240255,0.32235
FAR,0.713603,0.00240255
FRR,0.713603,0.32235
DET,0.0024552,0.320917
FAR,0.711344,0.0024552
FRR,0.711344,0.320917
DET,0.0025134,0.319484
FAR,0.709085,0.0025134
FRR,0.709085,0.319484
DET,0.00257713,0.316619
FAR,0.706825,0.00257713
FRR,0.706825,0.316619
DET,0.00266858,0.313754
FAR,0.703437,0.00266858
FRR,0.703437,0.313754
DET,0.00280437,0.312321
FAR,0.697789,0.00280437
FRR,0.697789,0.312321
DET,0.00289027,0.309456
FAR,0.6944,0.00289027
FRR,0.6944,0.309456
DET,0.00290967,0.308023
FAR,0.693271,0.00290967
FRR,0.693271,0.308023
DET,0.00292352,0.30659
FAR,0.692141,0.00292352
FRR,0.692141,0.30659
DET,0.00297063,0.305158
FAR,0.691012,0.00297063
FRR,0.691012,0.305158
DET,0.00303714,0.302292
FAR,0.688752,0.00303714
FRR,0.688752,0.302292
DET,0.0031563,0.30086
FAR,0.684234,0.0031563
FRR,0.684234,0.30086
DET,0.00328931,0.299427
FAR,0.679716,0.00328931
FRR,0.679716,0.299427
DET,0.00331979,0.296562
FAR,0.678586,0.00331979
FRR,0.678586,0.296562
DET,0.00341401,0.295129
FAR,0.676327,0.00341401
FRR,0.676327,0.295129
DET,0.00352208,0.293696
FAR,0.672939,0.00352208
FRR,0.672939,0.293696
DET,0.00393775,0.292264
FAR,0.661643,0.00393775
FRR,0.661643,0.292264
DET,0.00432571,0.289398
FAR,0.653736,0.00432571
FRR,0.653736,0.289398
DET,0.00443932,0.287966
FAR,0.650347,0.00443932
FRR,0.650347,0.287966
DET,0.00457511,0.2851
FAR,0.646959,0.00457511
FRR,0.646959,0.2851
DET,0.00468595,0.283668
FAR,0.6447,0.00468595
FRR,0.6447,0.283668
DET,0.00483836,0.282235
FAR,0.641311,0.00483836
FRR,0.641311,0.282235
DET,0.00502125,0.280802
FAR,0.636793,0.00502125
FRR,0.636793,0.280802
DET,0.0053815,0.27937
FAR,0.630015,0.0053815
FRR,0.630015,0.27937
DET,0.00546186,0.277937
FAR,0.628886,0.00546186
FRR,0.628886,0.277937
DET,0.00552837,0.276504
FAR,0.627756,0.00552837
FRR,0.627756,0.276504
DET,0.00571403,0.275072
FAR,0.624367,0.00571403
FRR,0.624367,0.275072
DET,0.00583042,0.270774
FAR,0.622108,0.00583042
FRR,0.622108,0.270774
DET,0.00599114,0.269341
FAR,0.619849,0.00599114
FRR,0.619849,0.269341
DET,0.00614355,0.267908
FAR,0.61646,0.00614355
FRR,0.61646,0.267908
DET,0.00625163,0.266476
FAR,0.614201,0.00625163
FRR,0.614201,0.266476
DET,0.00638187,0.265043
FAR,0.611942,0.00638187
FRR,0.611942,0.265043
DET,0.0067144,0.26361
FAR,0.606294,0.0067144
FRR,0.606294,0.26361
DET,0.00684465,0.262178
FAR,0.604035,0.00684465
FRR,0.604035,0.262178
DET,0.00697489,0.260745
FAR,0.601776,0.00697489
FRR,0.601776,0.260745
DET,0.00776743,0.259312
FAR,0.589351,0.00776743
FRR,0.589351,0.259312
DET,0.00785333,0.256447
FAR,0.588221,0.00785333
FRR,0.588221,0.256447
DET,0.00801128,0.255014
FAR,0.585962,0.00801128
FRR,0.585962,0.255014
DET,0.00823297,0.252149
FAR,0.583703,0.00823297
FRR,0.583703,0.252149
DET,0.00868189,0.247851
FAR,0.578055,0.00868189
FRR,0.578055,0.247851
DET,0.0087678,0.246418
FAR,0.576926,0.0087678
FRR,0.576926,0.246418
DET,0.00896732,0.244986
FAR,0.574667,0.00896732
FRR,0.574667,0.244986
DET,0.00907539,0.243553
FAR,0.573537,0.00907539
FRR,0.573537,0.243553
DET,0.00926383,0.24212
FAR,0.571278,0.00926383
FRR,0.571278,0.24212
DET,0.00947166,0.240688
FAR,0.569019,0.00947166
FRR,0.569019,0.240688
DET,0.00957419,0.239255
FAR,0.567889,0.00957419
FRR,0.567889,0.239255
DET,0.0096407,0.237822
FAR,0.56676,0.0096407
FRR,0.56676,0.237822
DET,0.00984022,0.23639
FAR,0.564501,0.00984022
FRR,0.564501,0.23639
DET,0.00994275,0.234957
FAR,0.563371,0.00994275
FRR,0.563371,0.234957
DET,0.01017,0.230659
FAR,0.561112,0.01017
FRR,0.561112,0.230659
DET,0.0103723,0.229226
FAR,0.558853,0.0103723
FRR,0.558853,0.229226
DET,0.010472,0.227794
FAR,0.557723,0.010472
FRR,0.557723,0.227794
DET,0.0105662,0.226361
FAR,0.556594,0.0105662
FRR,0.556594,0.226361
DET,0.0113588,0.224928
FAR,0.548687,0.0113588
FRR,0.548687,0.224928
DET,0.0118604,0.223496
FAR,0.544168,0.0118604
FRR,0.544168,0.223496
DET,0.011974,0.222063
FAR,0.543039,0.011974
FRR,0.543039,0.222063
DET,0.0120848,0.22063
FAR,0.541909,0.0120848
FRR,0.541909,0.22063
DET,0.0122067,0.219198
FAR,0.54078,0.0122067
FRR,0.54078,0.219198
DET,0.0123564,0.217765
FAR,0.53965,0.0123564
FRR,0.53965,0.217765
DET,0.0125892,0.216332
FAR,0.537391,0.0125892
FRR,0.537391,0.216332
DET,0.0128746,0.2149
FAR,0.535132,0.0128746
FRR,0.535132,0.2149
DET,0.0130187,0.213467
FAR,0.534002,0.0130187
FRR,0.534002,0.213467
DET,0.0134122,0.212034
FAR,0.530614,0.0134122
FRR,0.530614,0.212034
DET,0.0136893,0.210602
FAR,0.528355,0.0136893
FRR,0.528355,0.210602
DET,0.0138417,0.209169
FAR,0.527225,0.0138417
FRR,0.527225,0.209169
DET,0.0139886,0.207736
FAR,0.526095,0.0139886
FRR,0.526095,0.207736
DET,0.0143211,0.206304
FAR,0.523836,0.0143211
FRR,0.523836,0.206304
DET,0.014662,0.204871
FAR,0.521577,0.014662
FRR,0.521577,0.204871
DET,0.0152855,0.203438
FAR,0.517059,0.0152855
FRR,0.517059,0.203438
DET,0.0164216,0.202006
FAR,0.509152,0.0164216
FRR,0.509152,0.202006
DET,0.0169564,0.200573
FAR,0.505763,0.0169564
FRR,0.505763,0.200573
DET,0.0171504,0.19914
FAR,0.504634,0.0171504
FRR,0.504634,0.19914
DET,0.017519,0.197708
FAR,0.502375,0.017519
FRR,0.502375,0.197708
DET,0.0177268,0.196275
FAR,0.501245,0.0177268
FRR,0.501245,0.196275
DET,0.0185914,0.19341
FAR,0.495597,0.0185914
FRR,0.495597,0.19341
DET,0.0187798,0.191977
FAR,0.494468,0.0187798
FRR,0.494468,0.191977
DET,0.0189544,0.190544
FAR,0.493338,0.0189544
FRR,0.493338,0.190544
DET,0.0192232,0.189112
FAR,0.492209,0.0192232
FRR,0.492209,0.189112
DET,0.0194338,0.187679
FAR,0.491079,0.0194338
FRR,0.491079,0.187679
DET,0.0196084,0.184814
FAR,0.489949,0.0196084
FRR,0.489949,0.184814
DET,0.0231055,0.181948
FAR,0.471876,0.0231055
FRR,0.471876,0.181948
DET,0.0235905,0.179083
FAR,0.469617,0.0235905
FRR,0.469617,0.179083
DET,0.0250758,0.176218
FAR,0.46284,0.0250758
FRR,0.46284,0.176218
DET,0.0252975,0.173352
FAR,0.46171,0.0252975
FRR,0.46171,0.173352
DET,0.0258184,0.17192
FAR,0.459451,0.0258184
FRR,0.459451,0.17192
DET,0.0274395,0.170487
FAR,0.452674,0.0274395
FRR,0.452674,0.170487
DET,0.0286422,0.169054
FAR,0.448156,0.0286422
FRR,0.448156,0.169054
DET,0.0295179,0.166189
FAR,0.444767,0.0295179
FRR,0.444767,0.166189
DET,0.0298366,0.164756
FAR,0.443637,0.0298366
FRR,0.443637,0.164756
DET,0.0301829,0.163324
FAR,0.442508,0.0301829
FRR,0.442508,0.163324
DET,0.0316572,0.161891
FAR,0.43686,0.0316572
FRR,0.43686,0.161891
DET,0.0322918,0.160458
FAR,0.434601,0.0322918
FRR,0.434601,0.160458
DET,0.03396,0.157593
FAR,0.428953,0.03396
FRR,0.428953,0.157593
DET,0.0373878,0.15616
FAR,0.417657,0.0373878
FRR,0.417657,0.15616
DET,0.0385323,0.153295
FAR,0.414269,0.0385323
FRR,0.414269,0.153295
DET,0.0389313,0.151862
FAR,0.413139,0.0389313
FRR,0.413139,0.151862
DET,0.0407104,0.148997
FAR,0.407491,0.0407104
FRR,0.407491,0.148997
DET,0.0410956,0.147564
FAR,0.406362,0.0410956
FRR,0.406362,0.147564
DET,0.0461667,0.144699
FAR,0.392807,0.0461667
FRR,0.392807,0.144699
DET,0.0470368,0.143266
FAR,0.390548,0.0470368
FRR,0.390548,0.143266
DET,0.0475273,0.141834
FAR,0.389418,0.0475273
FRR,0.389418,0.141834
DET,0.0484307,0.140401
FAR,0.387159,0.0484307
FRR,0.387159,0.140401
DET,0.0493258,0.136103
FAR,0.3849,0.0493258
FRR,0.3849,0.136103
DET,0.0532885,0.13467
FAR,0.375864,0.0532885
FRR,0.375864,0.13467
DET,0.0581213,0.133238
FAR,0.365698,0.0581213
FRR,0.365698,0.133238
DET,0.0602495,0.131805
FAR,0.361179,0.0602495
FRR,0.361179,0.131805
DET,0.0613746,0.130372
FAR,0.35892,0.0613746
FRR,0.35892,0.130372
DET,0.0694164,0.12894
FAR,0.344236,0.0694164
FRR,0.344236,0.12894
DET,0.0726558,0.127507
FAR,0.338588,0.0726558
FRR,0.338588,0.127507
DET,0.0733402,0.126074
FAR,0.337458,0.0733402
FRR,0.337458,0.126074
DET,0.0754435,0.123209
FAR,0.33407,0.0754435
FRR,0.33407,0.123209
DET,0.0774914,0.121777
FAR,0.330681,0.0774914
FRR,0.330681,0.121777
DET,0.0782617,0.120344
FAR,0.329552,0.0782617
FRR,0.329552,0.120344
DET,0.0805618,0.118911
FAR,0.326163,0.0805618
FRR,0.326163,0.118911
DET,0.0814042,0.116046
FAR,0.325033,0.0814042
FRR,0.325033,0.116046
DET,0.0821053,0.113181
FAR,0.323904,0.0821053
FRR,0.323904,0.113181
DET,0.0828673,0.111748
FAR,0.322774,0.0828673
FRR,0.322774,0.111748
DET,0.0843443,0.110315
FAR,0.320515,0.0843443
FRR,0.320515,0.110315
DET,0.0858213,0.10745
FAR,0.318256,0.0858213
FRR,0.318256,0.10745
DET,0.0865917,0.106017
FAR,0.317126,0.0865917
FRR,0.317126,0.106017
DET,0.0890441,0.104585
FAR,0.313738,0.0890441
FRR,0.313738,0.104585
DET,0.0929098,0.103152
FAR,0.30809,0.0929098
FRR,0.30809,0.103152
DET,0.0937467,0.101719
FAR,0.30696,0.0937467
FRR,0.30696,0.101719
DET,0.0945559,0.100287
FAR,0.305831,0.0945559
FRR,0.305831,0.100287
DET,0.0996519,0.0988539
FAR,0.299053,0.0996519
FRR,0.299053,0.0988539
DET,0.102199,0.0974212
FAR,0.295665,0.102199
FRR,0.295665,0.0974212
DET,0.108531,0.0959885
FAR,0.287758,0.108531
FRR,0.287758,0.0959885
DET,0.109423,0.0945559
FAR,0.286628,0.109423
FRR,0.286628,0.0945559
DET,0.114087,0.0916905
FAR,0.28098,0.114087
FRR,0.28098,0.0916905
DET,0.118036,0.0902579
FAR,0.276462,0.118036
FRR,0.276462,0.0902579
DET,0.121056,0.0888252
FAR,0.273073,0.121056
FRR,0.273073,0.0888252
DET,0.122123,0.0873926
FAR,0.271944,0.122123
FRR,0.271944,0.0873926
DET,0.125299,0.0859599
FAR,0.268555,0.125299
FRR,0.268555,0.0859599
DET,0.129699,0.0845272
FAR,0.264037,0.129699
FRR,0.264037,0.0845272
DET,0.130794,0.0830945
FAR,0.262907,0.130794
FRR,0.262907,0.0830945
DET,0.143275,0.0816619
FAR,0.250482,0.143275
FRR,0.250482,0.0816619
DET,0.151721,0.0802292
FAR,0.242575,0.151721
FRR,0.242575,0.0802292
DET,0.154185,0.0787966
FAR,0.240316,0.154185
FRR,0.240316,0.0787966
DET,0.157757,0.0773639
FAR,0.236927,0.157757
FRR,0.236927,0.0773639
DET,0.15907,0.0744986
FAR,0.235798,0.15907
FRR,0.235798,0.0744986
DET,0.160348,0.0730659
FAR,0.234668,0.160348
FRR,0.234668,0.0730659
DET,0.163008,0.0702006
FAR,0.232409,0.163008
FRR,0.232409,0.0702006
DET,0.164374,0.0687679
FAR,0.23128,0.164374
FRR,0.23128,0.0687679
DET,0.165646,0.0673352
FAR,0.23015,0.165646
FRR,0.23015,0.0673352
DET,0.167032,0.0644699
FAR,0.22902,0.167032
FRR,0.22902,0.0644699
DET,0.177961,0.0630373
FAR,0.219984,0.177961
FRR,0.219984,0.0630373
DET,0.190902,0.0616046
FAR,0.209818,0.190902
FRR,0.209818,0.0616046
DET,0.19528,0.0601719
FAR,0.206429,0.19528
FRR,0.206429,0.0601719
DET,0.212076,0.0587392
FAR,0.194004,0.212076
FRR,0.194004,0.0587392
DET,0.215182,0.0558739
FAR,0.191745,0.215182
FRR,0.191745,0.0558739
DET,0.228076,0.0544413
FAR,0.182708,0.228076
FRR,0.182708,0.0544413
DET,0.231443,0.0530086
FAR,0.180449,0.231443
FRR,0.180449,0.0530086
DET,0.23468,0.051576
FAR,0.17819,0.23468
FRR,0.17819,0.051576
DET,0.282545,0.0501432
FAR,0.147692,0.282545
FRR,0.147692,0.0501432
DET,0.303539,0.0487106
FAR,0.135267,0.303539
FRR,0.135267,0.0487106
DET,0.31356,0.0472779
FAR,0.129619,0.31356
FRR,0.129619,0.0472779
DET,0.321485,0.0458453
FAR,0.125101,0.321485
FRR,0.125101,0.0458453
DET,0.33779,0.0444126
FAR,0.116064,0.33779
FRR,0.116064,0.0444126
DET,0.344139,0.04298
FAR,0.112676,0.344139
FRR,0.112676,0.04298
DET,0.352668,0.0415473
FAR,0.108157,0.352668
FRR,0.108157,0.0415473
DET,0.363259,0.0401146
FAR,0.102509,0.363259
FRR,0.102509,0.0401146
DET,0.371855,0.0386819
FAR,0.0979912,0.371855
FRR,0.0979912,0.0386819
DET,0.376267,0.0372493
FAR,0.0957321,0.376267
FRR,0.0957321,0.0372493
DET,0.37844,0.0358166
FAR,0.0946025,0.37844
FRR,0.0946025,0.0358166
DET,0.407539,0.034384
FAR,0.0799182,0.407539
FRR,0.0799182,0.034384
BC,0.001,0.608
BC,0.01,0.766
SD,3.3308,Genuine
SD,2.46668,Impostor
SD,2.94562,Genuine
SD,0.677457,Impostor
SD,2.67226,Genuine
SD,0.606294,Impostor
SD,2.55253,Genuine
SD,0.562241,Impostor
SD,2.47798,Genuine
SD,0.530614,Impostor
SD,2.41698,Genuine
SD,0.506893,Impostor
SD,2.39778,Genuine
SD,0.486561,Impostor
SD,2.35373,Genuine
SD,0.469617,Impostor
SD,2.33001,Genuine
SD,0.454933,Impostor
SD,2.32097,Genuine
SD,0.442508,Impostor
SD,2.25771,Genuine
SD,0.430083,Impostor
SD,2.19672,Genuine
SD,0.418787,Impostor
SD,2.15718,Genuine
SD,0.408621,Impostor
SD,2.10409,Genuine
SD,0.399584,Impostor
SD,2.09958,Genuine
SD,0.390548,Impostor
SD,2.08489,Genuine
SD,0.382641,Impostor
SD,2.03858,Genuine
SD,0.374734,Impostor
SD,1.99679,Genuine
SD,0.367957,Impostor
SD,1.97307,Genuine
SD,0.361179,Impostor
SD,1.95612,Genuine
SD,0.354402,Impostor
SD,1.93805,Genuine
SD,0.347625,Impostor
SD,1.93127,Genuine
SD,0.341977,Impostor
SD,1.91659,Genuine
SD,0.336329,Impostor
SD,1.89174,Genuine
SD,0.330681,Impostor
SD,1.88722,Genuine
SD,0.326163,Impostor
SD,1.87027,Genuine
SD,0.321645,Impostor
SD,1.86689,Genuine
SD,0.315997,Impostor
SD,1.85898,Genuine
SD,0.311479,Impostor
SD,1.84091,Genuine
SD,0.30696,Impostor
SD,1.83639,Genuine
SD,0.302442,Impostor
SD,1.82622,Genuine
SD,0.297924,Impostor
SD,1.82396,Genuine
SD,0.293406,Impostor
SD,1.8217,Genuine
SD,0.288887,Impostor
SD,1.81832,Genuine
SD,0.284369,Impostor
SD,1.80928,Genuine
SD,0.28098,Impostor
SD,1.80363,Genuine
SD,0.276462,Impostor
SD,1.79685,Genuine
SD,0.273073,Impostor
SD,1.77991,Genuine
SD,0.269685,Impostor
SD,1.772,Genuine
SD,0.266296,Impostor
SD,1.76748,Genuine
SD,0.262907,Impostor
SD,1.76071,Genuine
SD,0.259519,Impostor
SD,1.75393,Genuine
SD,0.25613,Impostor
SD,1.74376,Genuine
SD,0.252741,Impostor
SD,1.73925,Genuine
SD,0.249353,Impostor
SD,1.72117,Genuine
SD,0.245964,Impostor
SD,1.71101,Genuine
SD,0.243705,Impostor
SD,1.70197,Genuine
SD,0.240316,Impostor
SD,1.68954,Genuine
SD,0.236927,Impostor
SD,1.67712,Genuine
SD,0.233539,Impostor
SD,1.66695,Genuine
SD,0.23128,Impostor
SD,1.66244,Genuine
SD,0.227891,Impostor
SD,1.65453,Genuine
SD,0.225632,Impostor
SD,1.62064,Genuine
SD,0.222243,Impostor
SD,1.61273,Genuine
SD,0.219984,Impostor
SD,1.60483,Genuine
SD,0.217725,Impostor
SD,1.59127,Genuine
SD,0.214336,Impostor
SD,1.58111,Genuine
SD,0.212077,Impostor
SD,1.5732,Genuine
SD,0.209818,Impostor
SD,1.56981,Genuine
SD,0.206429,Impostor
SD,1.56642,Genuine
SD,0.20417,Impostor
SD,1.55852,Genuine
SD,0.201911,Impostor
SD,1.54835,Genuine
SD,0.199652,Impostor
SD,1.53592,Genuine
SD,0.196263,Impostor
SD,1.52689,Genuine
SD,0.194004,Impostor
SD,1.51446,Genuine
SD,0.191745,Impostor
SD,1.50543,Genuine
SD,0.189486,Impostor
SD,1.49526,Genuine
SD,0.187227,Impostor
SD,1.48961,Genuine
SD,0.184968,Impostor
SD,1.48735,Genuine
SD,0.182708,Impostor
SD,1.47493,Genuine
SD,0.180449,Impostor
SD,1.4546,Genuine
SD,0.17819,Impostor
SD,1.43765,Genuine
SD,0.175931,Impostor
SD,1.43088,Genuine
SD,0.173672,Impostor
SD,1.42184,Genuine
SD,0.171413,Impostor
SD,1.41054,Genuine
SD,0.169154,Impostor
SD,1.4049,Genuine
SD,0.166895,Impostor
SD,1.39699,Genuine
SD,0.164635,Impostor
SD,1.38908,Genuine
SD,0.162376,Impostor
SD,1.38908,Genuine
SD,0.160117,Impostor
SD,1.38004,Genuine
SD,0.157858,Impostor
SD,1.37779,Genuine
SD,0.155599,Impostor
SD,1.3744,Genuine
SD,0.154469,Impostor
SD,1.36197,Genuine
SD,0.15221,Impostor
SD,1.35858,Genuine
SD,0.149951,Impostor
SD,1.35632,Genuine
SD,0.147692,Impostor
SD,1.34729,Genuine
SD,0.146562,Impostor
SD,1.33825,Genuine
SD,0.144303,Impostor
SD,1.33712,Genuine
SD,0.142044,Impostor
SD,1.31227,Genuine
SD,0.139785,Impostor
SD,1.3021,Genuine
SD,0.137526,Impostor
SD,1.29533,Genuine
SD,0.136396,Impostor
SD,1.2942,Genuine
SD,0.134137,Impostor
SD,1.29081,Genuine
SD,0.131878,Impostor
SD,1.28968,Genuine
SD,0.130749,Impostor
SD,1.28403,Genuine
SD,0.128489,Impostor
SD,1.27161,Genuine
SD,0.12623,Impostor
SD,1.26709,Genuine
SD,0.125101,Impostor
SD,1.25466,Genuine
SD,0.122842,Impostor
SD,1.24902,Genuine
SD,0.120582,Impostor
SD,1.24789,Genuine
SD,0.119453,Impostor
SD,1.24224,Genuine
SD,0.117194,Impostor
SD,1.23998,Genuine
SD,0.114935,Impostor
SD,1.22755,Genuine
SD,0.113805,Impostor
SD,1.21739,Genuine
SD,0.111546,Impostor
SD,1.21513,Genuine
SD,0.110416,Impostor
SD,1.19931,Genuine
SD,0.108157,Impostor
SD,1.19367,Genuine
SD,0.107028,Impostor
SD,1.19028,Genuine
SD,0.104769,Impostor
SD,1.18463,Genuine
SD,0.102509,Impostor
SD,1.18011,Genuine
SD,0.10138,Impostor
SD,1.17898,Genuine
SD,0.0991208,Impostor
SD,1.17672,Genuine
SD,0.0979912,Impostor
SD,1.16882,Genuine
SD,0.0957321,Impostor
SD,1.16656,Genuine
SD,0.0946025,Impostor
SD,1.15865,Genuine
SD,0.0923434,Impostor
SD,1.15187,Genuine
SD,0.0912138,Impostor
SD,1.14623,Genuine
SD,0.0889547,Impostor
SD,1.14171,Genuine
SD,0.0878251,Impostor
SD,1.13719,Genuine
SD,0.085566,Impostor
SD,1.13606,Genuine
SD,0.0844365,Impostor
SD,1.12928,Genuine
SD,0.0821773,Impostor
SD,1.12702,Genuine
SD,0.0810478,Impostor
SD,1.11573,Genuine
SD,0.0787886,Impostor
SD,1.11008,Genuine
SD,0.0776591,Impostor
SD,1.1033,Genuine
SD,0.0754,Impostor
SD,1.10104,Genuine
SD,0.0742704,Impostor
SD,1.09878,Genuine
SD,0.0720113,Impostor
SD,1.09201,Genuine
SD,0.0708817,Impostor
SD,1.08749,Genuine
SD,0.0686226,Impostor
SD,1.08523,Genuine
SD,0.067493,Impostor
SD,1.07958,Genuine
SD,0.0652339,Impostor
SD,1.06829,Genuine
SD,0.0641043,Impostor
SD,1.06377,Genuine
SD,0.0629748,Impostor
SD,1.04908,Genuine
SD,0.0607156,Impostor
SD,1.04795,Genuine
SD,0.0595861,Impostor
SD,1.04005,Genuine
SD,0.057327,Impostor
SD,1.03666,Genuine
SD,0.0561974,Impostor
SD,1.03327,Genuine
SD,0.0539383,Impostor
SD,1.02649,Genuine
SD,0.0528087,Impostor
SD,1.02197,Genuine
SD,0.0516791,Impostor
SD,1.01407,Genuine
SD,0.04942,Impostor
SD,1.01068,Genuine
SD,0.0482905,Impostor
SD,1.00503,Genuine
SD,0.0460313,Impostor
SD,1.00164,Genuine
SD,0.0449018,Impostor
SD,1.00051,Genuine
SD,0.0426426,Impostor
SD,0.997123,Genuine
SD,0.0415131,Impostor
SD,0.990346,Genuine
SD,0.0403835,Impostor
SD,0.988087,Genuine
SD,0.0381244,Impostor
SD,0.984698,Genuine
SD,0.0369948,Impostor
SD,0.981309,Genuine
SD,0.0347357,Impostor
SD,0.974532,Genuine
SD,0.0336061,Impostor
SD,0.960977,Genuine
SD,0.0324766,Impostor
SD,0.95307,Genuine
SD,0.0302175,Impostor
SD,0.951941,Genuine
SD,0.0290879,Impostor
SD,0.949681,Genuine
SD,0.0268288,Impostor
SD,0.947422,Genuine
SD,0.0256992,Impostor
SD,0.946293,Genuine
SD,0.0245696,Impostor
SD,0.944034,Genuine
SD,0.0223105,Impostor
SD,0.929349,Genuine
SD,0.021181,Impostor
SD,0.925961,Genuine
SD,0.0189218,Impostor
SD,0.921442,Genuine
SD,0.0177923,Impostor
SD,0.918054,Genuine
SD,0.0155331,Impostor
SD,0.913535,Genuine
SD,0.0144036,Impostor
SD,0.905629,Genuine
SD,0.013274,Impostor
SD,0.897722,Genuine
SD,0.0110149,Impostor
SD,0.896592,Genuine
SD,0.00988533,Impostor
SD,0.892074,Genuine
SD,0.0076262,Impostor
SD,0.881908,Genuine
SD,0.00649664,Impostor
SD,0.881908,Genuine
SD,0.00536708,Impostor
SD,0.879649,Genuine
SD,0.00310795,Impostor
SD,0.87513,Genuine
SD,0.00197839,Impostor
SD,0.871742,Genuine
SD,-0.000280736,Impostor
SD,0.869482,Genuine
SD,-0.0014103,Impostor
SD,0.863835,Genuine
SD,-0.00253986,Impostor
SD,0.859316,Genuine
SD,-0.00479899,Impostor
SD,0.85028,Genuine
SD,-0.00592855,Impostor
SD,0.834466,Genuine
SD,-0.00818767,Impostor
SD,0.834466,Genuine
SD,-0.00931724,Impostor
SD,0.831077,Genuine
SD,-0.0104468,Impostor
SD,0.828818,Genuine
SD,-0.0127059,Impostor
SD,0.820911,Genuine
SD,-0.0138355,Impostor
SD,0.816393,Genuine
SD,-0.0160946,Impostor
SD,0.810745,Genuine
SD,-0.0172242,Impostor
SD,0.806227,Genuine
SD,-0.0194833,Impostor
SD,0.805097,Genuine
SD,-0.0206129,Impostor
SD,0.796061,Genuine
SD,-0.022872,Impostor
SD,0.794931,Genuine
SD,-0.0240016,Impostor
SD,0.791543,Genuine
SD,-0.0262607,Impostor
SD,0.788154,Genuine
SD,-0.0273902,Impostor
SD,0.780247,Genuine
SD,-0.0296494,Impostor
SD,0.774599,Genuine
SD,-0.0307789,Impostor
SD,0.77347,Genuine
SD,-0.0319085,Impostor
SD,0.768951,Genuine
SD,-0.0341676,Impostor
SD,0.762174,Genuine
SD,-0.0352972,Impostor
SD,0.761044,Genuine
SD,-0.0375563,Impostor
SD,0.754267,Genuine
SD,-0.0386859,Impostor
SD,0.748619,Genuine
SD,-0.040945,Impostor
SD,0.741842,Genuine
SD,-0.0420746,Impostor
SD,0.735065,Genuine
SD,-0.0443337,Impostor
SD,0.729417,Genuine
SD,-0.0454632,Impostor
SD,0.727158,Genuine
SD,-0.0477224,Impostor
SD,0.72038,Genuine
SD,-0.0488519,Impostor
SD,0.715862,Genuine
SD,-0.0511111,Impostor
SD,0.711344,Genuine
SD,-0.0522406,Impostor
SD,0.706825,Genuine
SD,-0.0544997,Impostor
SD,0.703437,Genuine
SD,-0.0556293,Impostor
SD,0.6944,Genuine
SD,-0.0578884,Impostor
SD,0.693271,Genuine
SD,-0.059018,Impostor
SD,0.691012,Genuine
SD,-0.0612771,Impostor
SD,0.684234,Genuine
SD,-0.0624067,Impostor
SD,0.678586,Genuine
SD,-0.0646658,Impostor
SD,0.676327,Genuine
SD,-0.0657954,Impostor
SD,0.653736,Genuine
SD,-0.0680545,Impostor
SD,0.650347,Genuine
SD,-0.0691841,Impostor
SD,0.646959,Genuine
SD,-0.0714432,Impostor
SD,0.636793,Genuine
SD,-0.0737023,Impostor
SD,0.628886,Genuine
SD,-0.0748319,Impostor
SD,0.624367,Genuine
SD,-0.077091,Impostor
SD,0.622108,Genuine
SD,-0.0782206,Impostor
SD,0.61646,Genuine
SD,-0.0804797,Impostor
SD,0.611942,Genuine
SD,-0.0827388,Impostor
SD,0.601776,Genuine
SD,-0.0838684,Impostor
SD,0.588221,Genuine
SD,-0.0861275,Impostor
SD,0.585962,Genuine
SD,-0.0872571,Impostor
SD,0.578055,Genuine
SD,-0.0895162,Impostor
SD,0.578055,Genuine
SD,-0.0917753,Impostor
SD,0.574667,Genuine
SD,-0.0929049,Impostor
SD,0.569019,Genuine
SD,-0.095164,Impostor
SD,0.56676,Genuine
SD,-0.0974231,Impostor
SD,0.563371,Genuine
SD,-0.0985527,Impostor
SD,0.561112,Genuine
SD,-0.100812,Impostor
SD,0.557723,Genuine
SD,-0.103071,Impostor
SD,0.548687,Genuine
SD,-0.10533,Impostor
SD,0.541909,Genuine
SD,-0.10646,Impostor
SD,0.53965,Genuine
SD,-0.108719,Impostor
SD,0.535132,Genuine
SD,-0.110978,Impostor
SD,0.528355,Genuine
SD,-0.113237,Impostor
SD,0.526095,Genuine
SD,-0.115496,Impostor
SD,0.521577,Genuine
SD,-0.116626,Impostor
SD,0.505763,Genuine
SD,-0.118885,Impostor
SD,0.502375,Genuine
SD,-0.121144,Impostor
SD,0.495597,Genuine
SD,-0.123403,Impostor
SD,0.493338,Genuine
SD,-0.125662,Impostor
SD,0.491079,Genuine
SD,-0.127921,Impostor
SD,0.489949,Genuine
SD,-0.13018,Impostor
SD,0.469617,Genuine
SD,-0.13244,Impostor
SD,0.46284,Genuine
SD,-0.134699,Impostor
SD,0.46171,Genuine
SD,-0.136958,Impostor
SD,0.452674,Genuine
SD,-0.139217,Impostor
SD,0.444767,Genuine
SD,-0.141476,Impostor
SD,0.443637,Genuine
SD,-0.143735,Impostor
SD,0.434601,Genuine
SD,-0.145994,Impostor
SD,0.428953,Genuine
SD,-0.148253,Impostor
SD,0.414269,Genuine
SD,-0.150513,Impostor
SD,0.407491,Genuine
SD,-0.153901,Impostor
SD,0.406362,Genuine
SD,-0.15616,Impostor
SD,0.392807,Genuine
SD,-0.15842,Impostor
SD,0.387159,Genuine
SD,-0.160679,Impostor
SD,0.3849,Genuine
SD,-0.164067,Impostor
SD,0.375864,Genuine
SD,-0.166326,Impostor
SD,0.35892,Genuine
SD,-0.169715,Impostor
SD,0.338588,Genuine
SD,-0.171974,Impostor
SD,0.33407,Genuine
SD,-0.175363,Impostor
SD,0.329552,Genuine
SD,-0.177622,Impostor
SD,0.325033,Genuine
SD,-0.181011,Impostor
SD,0.323904,Genuine
SD,-0.18327,Impostor
SD,0.320515,Genuine
SD,-0.186659,Impostor
SD,0.318256,Genuine
SD,-0.190047,Impostor
SD,0.313738,Genuine
SD,-0.193436,Impostor
SD,0.305831,Genuine
SD,-0.195695,Impostor
SD,0.295665,Genuine
SD,-0.199084,Impostor
SD,0.286628,Genuine
SD,-0.202472,Impostor
SD,0.276462,Genuine
SD,-0.206991,Impostor
SD,0.271944,Genuine
SD,-0.210379,Impostor
SD,0.264037,Genuine
SD,-0.213768,Impostor
SD,0.242575,Genuine
SD,-0.217157,Impostor
SD,0.236927,Genuine
SD,-0.221675,Impostor
SD,0.235798,Genuine
SD,-0.226193,Impostor
SD,0.232409,Genuine
SD,-0.229582,Impostor
SD,0.23015,Genuine
SD,-0.2341,Impostor
SD,0.22902,Genuine
SD,-0.238618,Impostor
SD,0.206429,Genuine
SD,-0.243137,Impostor
SD,0.191745,Genuine
SD,-0.247655,Impostor
SD,0.182708,Genuine
SD,-0.253303,Impostor
SD,0.147692,Genuine
SD,-0.257821,Impostor
SD,0.129619,Genuine
SD,-0.263469,Impostor
SD,0.116064,Genuine
SD,-0.269117,Impostor
SD,0.102509,Genuine
SD,-0.275894,Impostor
SD,0.0957321,Genuine
SD,-0.282671,Impostor
SD,0.0799182,Genuine
SD,-0.290578,Impostor
SD,0.0290879,Genuine
SD,-0.298485,Impostor
SD,0.0256992,Genuine
SD,-0.306392,Impostor
SD,-0.0014103,Genuine
SD,-0.316558,Impostor
SD,-0.0307789,Genuine
SD,-0.326724,Impostor
SD,-0.0499815,Genuine
SD,-0.33915,Impostor
SD,-0.0691841,Genuine
SD,-0.353834,Impostor
SD,-0.0816092,Genuine
SD,-0.371907,Impostor
SD,-0.115496,Genuine
SD,-0.396757,Impostor
SD,-0.148253,Genuine
SD,-0.434033,Impostor
SD,-0.151642,Genuine
SD,-0.839546,Impostor
KDEGenuine,3.3308,0.00764256
KDEGenuine,2.94562,0.0124628
KDEGenuine,2.67226,0.0315795
KDEGenuine,2.55253,0.047752
KDEGenuine,2.47798,0.0592395
KDEGenuine,2.41698,0.0690762
KDEGenuine,2.39778,0.0722751
KDEGenuine,2.35373,0.0799334
KDEGenuine,2.33001,0.0843298
KDEGenuine,2.32097,0.0860722
KDEGenuine,2.25771,0.0997162
KDEGenuine,2.19672,0.11623
KDEGenuine,2.15718,0.129226
KDEGenuine,2.10409,0.149808
KDEGenuine,2.09958,0.151724
KDEGenuine,2.08489,0.158116
KDEGenuine,2.03858,0.179793
KDEGenuine,1.99679,0.200857
KDEGenuine,1.97307,0.213171
KDEGenuine,1.95612,0.222022
KDEGenuine,1.93805,0.231445
KDEGenuine,1.93127,0.234961
KDEGenuine,1.91659,0.242521
KDEGenuine,1.89174,0.255063
KDEGenuine,1.88722,0.2573
KDEGenuine,1.87027,0.265547
KDEGenuine,1.86689,0.267167
KDEGenuine,1.85898,0.270907
KDEGenuine,1.84091,0.27923
KDEGenuine,1.83639,0.281259
KDEGenuine,1.82622,0.285746
KDEGenuine,1.82396,0.286728
KDEGenuine,1.8217,0.287705
KDEGenuine,1.81832,0.28916
KDEGenuine,1.80928,0.292978
KDEGenuine,1.80363,0.295319
KDEGenuine,1.79685,0.298083
KDEGenuine,1.77991,0.304776
KDEGenuine,1.772,0.307796
KDEGenuine,1.76748,0.309492
KDEGenuine,1.76071,0.311999
KDEGenuine,1.75393,0.314462
KDEGenuine,1.74376,0.318075
KDEGenuine,1.73925,0.319652
KDEGenuine,1.72117,0.325794
KDEGenuine,1.71101,0.329144
KDEGenuine,1.70197,0.332068
KDEGenuine,1.68954,0.336018
KDEGenuine,1.67712,0.339903
KDEGenuine,1.66695,0.343047
KDEGenuine,1.66244,0.344438
KDEGenuine,1.65453,0.346864
KDEGenuine,1.62064,0.357278
KDEGenuine,1.61273,0.359739
KDEGenuine,1.60483,0.362222
KDEGenuine,1.59127,0.366542
KDEGenuine,1.58111,0.369846
KDEGenuine,1.5732,0.372459
KDEGenuine,1.56981,0.373592
KDEGenuine,1.56642,0.374733
KDEGenuine,1.55852,0.377428
KDEGenuine,1.54835,0.380965
KDEGenuine,1.53592,0.385405
KDEGenuine,1.52689,0.388721
KDEGenuine,1.51446,0.393405
KDEGenuine,1.50543,0.396905
KDEGenuine,1.49526,0.40094
KDEGenuine,1.48961,0.403226
KDEGenuine,1.48735,0.40415
KDEGenuine,1.47493,0.409322
KDEGenuine,1.4546,0.418121
KDEGenuine,1.43765,0.425765
KDEGenuine,1.43088,0.428899
KDEGenuine,1.42184,0.433143
KDEGenuine,1.41054,0.438548
KDEGenuine,1.4049,0.441291
KDEGenuine,1.39699,0.445173
KDEGenuine,1.38908,0.449103
KDEGenuine,1.38908,0.449103
KDEGenuine,1.38004,0.453648
KDEGenuine,1.37779,0.454793
KDEGenuine,1.3744,0.456516
KDEGenuine,1.36197,0.462893
KDEGenuine,1.35858,0.464647
KDEGenuine,1.35632,0.46582
KDEGenuine,1.34729,0.470535
KDEGenuine,1.33825,0.475284
KDEGenuine,1.33712,0.47588
KDEGenuine,1.31227,0.48908
KDEGenuine,1.3021,0.494514
KDEGenuine,1.29533,0.498141
KDEGenuine,1.2942,0.498745
KDEGenuine,1.29081,0.500559
KDEGenuine,1.28968,0.501163
KDEGenuine,1.28403,0.504185
KDEGenuine,1.27161,0.510821
KDEGenuine,1.26709,0.513227
KDEGenuine,1.25466,0.519819
KDEGenuine,1.24902,0.5228
KDEGenuine,1.24789,0.523395
KDEGenuine,1.24224,0.526361
KDEGenuine,1.23998,0.527543
KDEGenuine,1.22755,0.534004
KDEGenuine,1.21739,0.539228
KDEGenuine,1.21513,0.54038
KDEGenuine,1.19931,0.548348
KDEGenuine,1.19367,0.551148
KDEGenuine,1.19028,0.552816
KDEGenuine,1.18463,0.555575
KDEGenuine,1.18011,0.557761
KDEGenuine,1.17898,0.558305
KDEGenuine,1.17672,0.559389
KDEGenuine,1.16882,0.563145
KDEGenuine,1.16656,0.564207
KDEGenuine,1.15865,0.567882
KDEGenuine,1.15187,0.57098
KDEGenuine,1.14623,0.573522
KDEGenuine,1.14171,0.57553
KDEGenuine,1.13719,0.577514
KDEGenuine,1.13606,0.578006
KDEGenuine,1.12928,0.580926
KDEGenuine,1.12702,0.581887
KDEGenuine,1.11573,0.586592
KDEGenuine,1.11008,0.588881
KDEGenuine,1.1033,0.591571
KDEGenuine,1.10104,0.592454
KDEGenuine,1.09878,0.593329
KDEGenuine,1.09201,0.59591
KDEGenuine,1.08749,0.597594
KDEGenuine,1.08523,0.598425
KDEGenuine,1.07958,0.600468
KDEGenuine,1.06829,0.604408
KDEGenuine,1.06377,0.605928
KDEGenuine,1.04908,0.610641
KDEGenuine,1.04795,0.610989
KDEGenuine,1.04005,0.613365
KDEGenuine,1.03666,0.614351
KDEGenuine,1.03327,0.615317
KDEGenuine,1.02649,0.617191
KDEGenuine,1.02197,0.618396
KDEGenuine,1.01407,0.620419
KDEGenuine,1.01068,0.621252
KDEGenuine,1.00503,0.622594
KDEGenuine,1.00164,0.623373
KDEGenuine,1.00051,0.623627
KDEGenuine,0.997123,0.624378
KDEGenuine,0.990346,0.625816
KDEGenuine,0.988087,0.626276
KDEGenuine,0.984698,0.62695
KDEGenuine,0.981309,0.627602
KDEGenuine,0.974532,0.628842
KDEGenuine,0.960977,0.631066
KDEGenuine,0.95307,0.632204
KDEGenuine,0.951941,0.632356
KDEGenuine,0.949681,0.632655
KDEGenuine,0.947422,0.632944
KDEGenuine,0.946293,0.633085
KDEGenuine,0.944034,0.633359
KDEGenuine,0.929349,0.634905
KDEGenuine,0.925961,0.635204
KDEGenuine,0.921442,0.635567
KDEGenuine,0.918054,0.635815
KDEGenuine,0.913535,0.636111
KDEGenuine,0.905629,0.636535
KDEGenuine,0.897722,0.63684
KDEGenuine,0.896592,0.636874
KDEGenuine,0.892074,0.636985
KDEGenuine,0.881908,0.637095
KDEGenuine,0.881908,0.637095
KDEGenuine,0.879649,0.637093
KDEGenuine,0.87513,0.63706
KDEGenuine,0.871742,0.63701
KDEGenuine,0.869482,0.636965
KDEGenuine,0.863835,0.63681
KDEGenuine,0.859316,0.636644
KDEGenuine,0.85028,0.636198
KDEGenuine,0.834466,0.635058
KDEGenuine,0.834466,0.635058
KDEGenuine,0.831077,0.634755
KDEGenuine,0.828818,0.634542
KDEGenuine,0.820911,0.633723
KDEGenuine,0.816393,0.633205
KDEGenuine,0.810745,0.632508
KDEGenuine,0.806227,0.63191
KDEGenuine,0.805097,0.631754
KDEGenuine,0.796061,0.630435
KDEGenuine,0.794931,0.63026
KDEGenuine,0.791543,0.629723
KDEGenuine,0.788154,0.629166
KDEGenuine,0.780247,0.627792
KDEGenuine,0.774599,0.626747
KDEGenuine,0.77347,0.626532
KDEGenuine,0.768951,0.625649
KDEGenuine,0.762174,0.624264
KDEGenuine,0.761044,0.624026
KDEGenuine,0.754267,0.622554
KDEGenuine,0.748619,0.621272
KDEGenuine,0.741842,0.619668
KDEGenuine,0.735065,0.617992
KDEGenuine,0.729417,0.616542
KDEGenuine,0.727158,0.615948
KDEGenuine,0.72038,0.614122
KDEGenuine,0.715862,0.612866
KDEGenuine,0.711344,0.61158
KDEGenuine,0.706825,0.610264
KDEGenuine,0.703437,0.609257
KDEGenuine,0.6944,0.606492
KDEGenuine,0.693271,0.606139
KDEGenuine,0.691012,0.605426
KDEGenuine,0.684234,0.603243
KDEGenuine,0.678586,0.601376
KDEGenuine,0.676327,0.600616
KDEGenuine,0.653736,0.592638
KDEGenuine,0.650347,0.591382
KDEGenuine,0.646959,0.590111
KDEGenuine,0.636793,0.586207
KDEGenuine,0.628886,0.583077
KDEGenuine,0.624367,0.581252
KDEGenuine,0.622108,0.580329
KDEGenuine,0.61646,0.577995
KDEGenuine,0.611942,0.576098
KDEGenuine,0.601776,0.571736
KDEGenuine,0.588221,0.565718
KDEGenuine,0.585962,0.564692
KDEGenuine,0.578055,0.561054
KDEGenuine,0.578055,0.561054
KDEGenuine,0.574667,0.559471
KDEGenuine,0.569019,0.556802
KDEGenuine,0.56676,0.555723
KDEGenuine,0.563371,0.554093
KDEGenuine,0.561112,0.552999
KDEGenuine,0.557723,0.551346
KDEGenuine,0.548687,0.546869
KDEGenuine,0.541909,0.543447
KDEGenuine,0.53965,0.542294
KDEGenuine,0.535132,0.53997
KDEGenuine,0.528355,0.536437
KDEGenuine,0.526095,0.535247
KDEGenuine,0.521577,0.53285
KDEGenuine,0.505763,0.524267
KDEGenuine,0.502375,0.52239
KDEGenuine,0.495597,0.518595
KDEGenuine,0.493338,0.517318
KDEGenuine,0.491079,0.516035
KDEGenuine,0.489949,0.515391
KDEGenuine,0.469617,0.503554
KDEGenuine,0.46284,0.499504
KDEGenuine,0.46171,0.498823
KDEGenuine,0.452674,0.493331
KDEGenuine,0.444767,0.488451
KDEGenuine,0.443637,0.487749
KDEGenuine,0.434601,0.482077
KDEGenuine,0.428953,0.478488
KDEGenuine,0.414269,0.468999
KDEGenuine,0.407491,0.464545
KDEGenuine,0.406362,0.463798
KDEGenuine,0.392807,0.454738
KDEGenuine,0.387159,0.450911
KDEGenuine,0.3849,0.449372
KDEGenuine,0.375864,0.443169
KDEGenuine,0.35892,0.431345
KDEGenuine,0.338588,0.416851
KDEGenuine,0.33407,0.413589
KDEGenuine,0.329552,0.410313
KDEGenuine,0.325033,0.407023
KDEGenuine,0.323904,0.406199
KDEGenuine,0.320515,0.40372
KDEGenuine,0.318256,0.402064
KDEGenuine,0.313738,0.398743
KDEGenuine,0.305831,0.392904
KDEGenuine,0.295665,0.38535
KDEGenuine,0.286628,0.378596
KDEGenuine,0.276462,0.37096
KDEGenuine,0.271944,0.367555
KDEGenuine,0.264037,0.361583
KDEGenuine,0.242575,0.345312
KDEGenuine,0.236927,0.341021
KDEGenuine,0.235798,0.340163
KDEGenuine,0.232409,0.337588
KDEGenuine,0.23015,0.335872
KDEGenuine,0.22902,0.335014
KDEGenuine,0.206429,0.317872
KDEGenuine,0.191745,0.30678
KDEGenuine,0.182708,0.299984
KDEGenuine,0.147692,0.273981
KDEGenuine,0.129619,0.260827
KDEGenuine,0.116064,0.251109
KDEGenuine,0.102509,0.241531
KDEGenuine,0.0957321,0.236798
KDEGenuine,0.0799182,0.225908
KDEGenuine,0.0290879,0.192493
KDEGenuine,0.0256992,0.190356
KDEGenuine,-0.0014103,0.173692
KDEGenuine,-0.0307789,0.156509
KDEGenuine,-0.0499815,0.145767
KDEGenuine,-0.0691841,0.135416
KDEGenuine,-0.0816092,0.128927
KDEGenuine,-0.115496,0.112059
KDEGenuine,-0.148253,0.0969138
KDEGenuine,-0.151642,0.0954126
KDEImpostor,2.46668,0.0161764
KDEImpostor,0.677457,0.0415108
KDEImpostor,0.606294,0.0813595
KDEImpostor,0.562241,0.119224
KDEImpostor,0.530614,0.155764
KDEImpostor,0.506893,0.189529
KDEImpostor,0.486561,0.223452
KDEImpostor,0.469617,0.255604
KDEImpostor,0.454933,0.286554
KDEImpostor,0.442508,0.315117
KDEImpostor,0.430083,0.345965
KDEImpostor,0.418787,0.376068
KDEImpostor,0.408621,0.404891
KDEImpostor,0.399584,0.431922
KDEImpostor,0.390548,0.460302
KDEImpostor,0.382641,0.486256
KDEImpostor,0.374734,0.513265
KDEImpostor,0.367957,0.537258
KDEImpostor,0.361179,0.562029
KDEImpostor,0.354402,0.587576
KDEImpostor,0.347625,0.613895
KDEImpostor,0.341977,0.636411
KDEImpostor,0.336329,0.659451
KDEImpostor,0.330681,0.683009
KDEImpostor,0.326163,0.702222
KDEImpostor,0.321645,0.721756
KDEImpostor,0.315997,0.746615
KDEImpostor,0.311479,0.766848
KDEImpostor,0.30696,0.787379
KDEImpostor,0.302442,0.808202
KDEImpostor,0.297924,0.829307
KDEImpostor,0.293406,0.850686
KDEImpostor,0.288887,0.872327
KDEImpostor,0.284369,0.894221
KDEImpostor,0.28098,0.910799
KDEImpostor,0.276462,0.933106
KDEImpostor,0.273073,0.94998
KDEImpostor,0.269685,0.966971
KDEImpostor,0.266296,0.984074
KDEImpostor,0.262907,1.00128
KDEImpostor,0.259519,1.01859
KDEImpostor,0.25613,1.03599
KDEImpostor,0.252741,1.05347
KDEImpostor,0.249353,1.07103
KDEImpostor,0.245964,1.08867
KDEImpostor,0.243705,1.10046
KDEImpostor,0.240316,1.11819
KDEImpostor,0.236927,1.13598
KDEImpostor,0.233539,1.15381
KDEImpostor,0.23128,1.16571
KDEImpostor,0.227891,1.18359
KDEImpostor,0.225632,1.19553
KDEImpostor,0.222243,1.21344
KDEImpostor,0.219984,1.22538
KDEImpostor,0.217725,1.23732
KDEImpostor,0.214336,1.25523
KDEImpostor,0.212077,1.26716
KDEImpostor,0.209818,1.27908
KDEImpostor,0.206429,1.29693
KDEImpostor,0.20417,1.30881
KDEImpostor,0.201911,1.32067
KDEImpostor,0.199652,1.33251
KDEImpostor,0.196263,1.35022
KDEImpostor,0.194004,1.36198
KDEImpostor,0.191745,1.37371
KDEImpostor,0.189486,1.38541
KDEImpostor,0.187227,1.39706
KDEImpostor,0.184968,1.40868
KDEImpostor,0.182708,1.42024
KDEImpostor,0.180449,1.43175
KDEImpostor,0.17819,1.44322
KDEImpostor,0.175931,1.45462
KDEImpostor,0.173672,1.46597
KDEImpostor,0.171413,1.47725
KDEImpostor,0.169154,1.48847
KDEImpostor,0.166895,1.49961
KDEImpostor,0.164635,1.51069
KDEImpostor,0.162376,1.52168
KDEImpostor,0.160117,1.5326
KDEImpostor,0.157858,1.54344
KDEImpostor,0.155599,1.55418
KDEImpostor,0.154469,1.55952
KDEImpostor,0.15221,1.57013
KDEImpostor,0.149951,1.58065
KDEImpostor,0.147692,1.59107
KDEImpostor,0.146562,1.59624
KDEImpostor,0.144303,1.6065
KDEImpostor,0.142044,1.61666
KDEImpostor,0.139785,1.62671
KDEImpostor,0.137526,1.63664
KDEImpostor,0.136396,1.64156
KDEImpostor,0.134137,1.65131
KDEImpostor,0.131878,1.66095
KDEImpostor,0.130749,1.66572
KDEImpostor,0.128489,1.67516
KDEImpostor,0.12623,1.68447
KDEImpostor,0.125101,1.68907
KDEImpostor,0.122842,1.69818
KDEImpostor,0.120582,1.70715
KDEImpostor,0.119453,1.71158
KDEImpostor,0.117194,1.72034
KDEImpostor,0.114935,1.72895
KDEImpostor,0.113805,1.73319
KDEImpostor,0.111546,1.74157
KDEImpostor,0.110416,1.74571
KDEImpostor,0.108157,1.75385
KDEImpostor,0.107028,1.75787
KDEImpostor,0.104769,1.76577
KDEImpostor,0.102509,1.77351
KDEImpostor,0.10138,1.77732
KDEImpostor,0.0991208,1.7848
KDEImpostor,0.0979912,1.78848
KDEImpostor,0.0957321,1.79571
KDEImpostor,0.0946025,1.79926
KDEImpostor,0.0923434,1.80622
KDEImpostor,0.0912138,1.80964
KDEImpostor,0.0889547,1.81633
KDEImpostor,0.0878251,1.8196
KDEImpostor,0.085566,1.82601
KDEImpostor,0.0844365,1.82915
KDEImpostor,0.0821773,1.83527
KDEImpostor,0.0810478,1.83827
KDEImpostor,0.0787886,1.8441
KDEImpostor,0.0776591,1.84695
KDEImpostor,0.0754,1.85249
KDEImpostor,0.0742704,1.85518
KDEImpostor,0.0720113,1.86042
KDEImpostor,0.0708817,1.86297
KDEImpostor,0.0686226,1.8679
KDEImpostor,0.067493,1.87029
KDEImpostor,0.0652339,1.87491
KDEImpostor,0.0641043,1.87714
KDEImpostor,0.0629748,1.87932
KDEImpostor,0.0607156,1.88352
KDEImpostor,0.0595861,1.88554
KDEImpostor,0.057327,1.88941
KDEImpostor,0.0561974,1.89127
KDEImpostor,0.0539383,1.89482
KDEImpostor,0.0528087,1.89651
KDEImpostor,0.0516791,1.89815
KDEImpostor,0.04942,1.90126
KDEImpostor,0.0482905,1.90273
KDEImpostor,0.0460313,1.9055
KDEImpostor,0.0449018,1.90681
KDEImpostor,0.0426426,1.90924
KDEImpostor,0.0415131,1.91037
KDEImpostor,0.0403835,1.91145
KDEImpostor,0.0381244,1.91343
KDEImpostor,0.0369948,1.91433
KDEImpostor,0.0347357,1.91597
KDEImpostor,0.0336061,1.9167
KDEImpostor,0.0324766,1.91737
KDEImpostor,0.0302175,1.91854
KDEImpostor,0.0290879,1.91904
KDEImpostor,0.0268288,1.91986
KDEImpostor,0.0256992,1.92018
KDEImpostor,0.0245696,1.92044
KDEImpostor,0.0223105,1.92079
KDEImpostor,0.021181,1.92088
KDEImpostor,0.0189218,1.92087
KDEImpostor,0.0177923,1.92078
KDEImpostor,0.0155331,1.92042
KDEImpostor,0.0144036,1.92015
KDEImpostor,0.013274,1.91982
KDEImpostor,0.0110149,1.91899
KDEImpostor,0.00988533,1.91848
KDEImpostor,0.0076262,1.91729
KDEImpostor,0.00649664,1.9166
KDEImpostor,0.00536708,1.91586
KDEImpostor,0.00310795,1.91419
KDEImpostor,0.00197839,1.91327
KDEImpostor,-0.000280736,1.91124
KDEImpostor,-0.0014103,1.91014
KDEImpostor,-0.00253986,1.90898
KDEImpostor,-0.00479899,1.90648
KDEImpostor,-0.00592855,1.90514
KDEImpostor,-0.00818767,1.90228
KDEImpostor,-0.00931724,1.90077
KDEImpostor,-0.0104468,1.89919
KDEImpostor,-0.0127059,1.89587
KDEImpostor,-0.0138355,1.89411
KDEImpostor,-0.0160946,1.89044
KDEImpostor,-0.0172242,1.88851
KDEImpostor,-0.0194833,1.88448
KDEImpostor,-0.0206129,1.88238
KDEImpostor,-0.022872,1.878
KDEImpostor,-0.0240016,1.87573
KDEImpostor,-0.0262607,1.871
KDEImpostor,-0.0273902,1.86856
KDEImpostor,-0.0296494,1.86349
KDEImpostor,-0.0307789,1.86087
KDEImpostor,-0.0319085,1.8582
KDEImpostor,-0.0341676,1.85268
KDEImpostor,-0.0352972,1.84984
KDEImpostor,-0.0375563,1.84399
KDEImpostor,-0.0386859,1.84098
KDEImpostor,-0.040945,1.8348
KDEImpostor,-0.0420746,1.83162
KDEImpostor,-0.0443337,1.82511
KDEImpostor,-0.0454632,1.82177
KDEImpostor,-0.0477224,1.81494
KDEImpostor,-0.0488519,1.81144
KDEImpostor,-0.0511111,1.80429
KDEImpostor,-0.0522406,1.80063
KDEImpostor,-0.0544997,1.79317
KDEImpostor,-0.0556293,1.78936
KDEImpostor,-0.0578884,1.78158
KDEImpostor,-0.059018,1.77762
KDEImpostor,-0.0612771,1.76954
KDEImpostor,-0.0624067,1.76543
KDEImpostor,-0.0646658,1.75705
KDEImpostor,-0.0657954,1.75279
KDEImpostor,-0.0680545,1.74412
KDEImpostor,-0.0691841,1.73971
KDEImpostor,-0.0714432,1.73076
KDEImpostor,-0.0737023,1.72162
KDEImpostor,-0.0748319,1.71698
KDEImpostor,-0.077091,1.70757
KDEImpostor,-0.0782206,1.70279
KDEImpostor,-0.0804797,1.69311
KDEImpostor,-0.0827388,1.68325
KDEImpostor,-0.0838684,1.67826
KDEImpostor,-0.0861275,1.66815
KDEImpostor,-0.0872571,1.66303
KDEImpostor,-0.0895162,1.65266
KDEImpostor,-0.0917753,1.64214
KDEImpostor,-0.0929049,1.63682
KDEImpostor,-0.095164,1.62606
KDEImpostor,-0.0974231,1.61515
KDEImpostor,-0.0985527,1.60964
KDEImpostor,-0.100812,1.59851
KDEImpostor,-0.103071,1.58723
KDEImpostor,-0.10533,1.57581
KDEImpostor,-0.10646,1.57005
KDEImpostor,-0.108719,1.55843
KDEImpostor,-0.110978,1.54668
KDEImpostor,-0.113237,1.53481
KDEImpostor,-0.115496,1.52281
KDEImpostor,-0.116626,1.51677
KDEImpostor,-0.118885,1.50459
KDEImpostor,-0.121144,1.49231
KDEImpostor,-0.123403,1.47991
KDEImpostor,-0.125662,1.46741
KDEImpostor,-0.127921,1.45481
KDEImpostor,-0.13018,1.44212
KDEImpostor,-0.13244,1.42933
KDEImpostor,-0.134699,1.41645
KDEImpostor,-0.136958,1.40349
KDEImpostor,-0.139217,1.39046
KDEImpostor,-0.141476,1.37734
KDEImpostor,-0.143735,1.36416
KDEImpostor,-0.145994,1.3509
KDEImpostor,-0.148253,1.33759
KDEImpostor,-0.150513,1.32422
KDEImpostor,-0.153901,1.30406
KDEImpostor,-0.15616,1.29056
KDEImpostor,-0.15842,1.27701
KDEImpostor,-0.160679,1.26343
KDEImpostor,-0.164067,1.24299
KDEImpostor,-0.166326,1.22932
KDEImpostor,-0.169715,1.20878
KDEImpostor,-0.171974,1.19506
KDEImpostor,-0.175363,1.17445
KDEImpostor,-0.177622,1.1607
KDEImpostor,-0.181011,1.14006
KDEImpostor,-0.18327,1.1263
KDEImpostor,-0.186659,1.10568
KDEImpostor,-0.190047,1.08507
KDEImpostor,-0.193436,1.0645
KDEImpostor,-0.195695,1.05081
KDEImpostor,-0.199084,1.03033
KDEImpostor,-0.202472,1.00991
KDEImpostor,-0.206991,0.982806
KDEImpostor,-0.210379,0.962588
KDEImpostor,-0.213768,0.942474
KDEImpostor,-0.217157,0.922474
KDEImpostor,-0.221675,0.896004
KDEImpostor,-0.226193,0.86978
KDEImpostor,-0.229582,0.850286
KDEImpostor,-0.2341,0.824544
KDEImpostor,-0.238618,0.799106
KDEImpostor,-0.243137,0.773991
KDEImpostor,-0.247655,0.749218
KDEImpostor,-0.253303,0.718758
KDEImpostor,-0.257821,0.694813
KDEImpostor,-0.263469,0.665438
KDEImpostor,-0.269117,0.636701
KDEImpostor,-0.275894,0.603095
KDEImpostor,-0.282671,0.570477
KDEImpostor,-0.290578,0.533711
KDEImpostor,-0.298485,0.498367
KDEImpostor,-0.306392,0.464473
KDEImpostor,-0.316558,0.423051
KDEImpostor,-0.326724,0.384069
KDEImpostor,-0.33915,0.339726
KDEImpostor,-0.353834,0.291929
KDEImpostor,-0.371907,0.239727
KDEImpostor,-0.396757,0.179156
KDEImpostor,-0.434033,0.109951
KDEImpostor,-0.839546,0.0161765
CMC,1,0.663324
CMC,2,0.712034
CMC,3,0.746418
CMC,4,0.765043
CMC,5,0.77937
CMC,6,0.789398
CMC,7,0.799427
CMC,8,0.808023
CMC,9,0.816619
CMC,10,0.823782
CMC,11,0.825215
CMC,12,0.832378
CMC,13,0.832378
CMC,14,0.832378
CMC,15,0.832378
CMC,16,0.836676
CMC,17,0.838109
CMC,18,0.840974
CMC,19,0.840974
CMC,20,0.84957
CMC,21,0.851003
CMC,22,0.852436
CMC,23,0.853868
CMC,24,0.855301
CMC,25,0.856734
